n_measurements,pchembl_median,pchembl_best,has_eggnog,has_oma,has_orthodb,root_taxon_final,rule_applied,proteins_per_domain,levels_seen_count,is_direct_luca_og,is_prebiotic
2,8.08,8.4,True,True,False,Bacteria,single_domain,"{2: 583, 2157: 0, 2759: 0}",583.0,False,True
1,6.76,6.76,False,True,True,,,,,,True
1,7.21,7.21,True,True,True,LUCA,direct_LUCA_OG_crossdomain,"{2: 178, 2157: 628, 2759: 7565}",8371.0,True,True
1,6.88,6.88,True,True,True,Eukaryota,single_domain,"{2: 0, 2157: 0, 2759: 11386}",11386.0,False,False
1,8.3,8.3,True,True,True,Eukaryota,single_domain,"{2: 0, 2157: 0, 2759: 2563}",2563.0,False,False
1,7.82,7.82,False,False,False,,,,,,True
1,7.8,7.8,False,False,False,,,,,,True
1,6.89,6.89,True,True,True,Eukaryota,single_domain,"{2: 0, 2157: 0, 2759: 2462}",2462.0,False,False
1,6.4,6.4,True,True,True,Eukaryota,single_domain,"{2: 0, 2157: 0, 2759: 6779}",6779.0,False,True
1,6.05,6.05,True,True,True,Eukaryota,single_domain,"{2: 0, 2157: 0, 2759: 3193}",3193.0,False,False
2,6.49,6.59,True,True,True,Eukaryota,single_domain,"{2: 0, 2157: 0, 2759: 3389}",3389.0,False,False
2,6.82,6.82,True,False,True,Eukaryota,single_domain,"{2: 0, 2157: 0, 2759: 2445}",2445.0,False,True
1,6.82,6.82,True,True,True,Eukaryota,single_domain,"{2: 0, 2157: 0, 2759: 2445}",2445.0,False,True
2,6.59,6.59,True,False,False,Eukaryota,single_domain,"{2: 0, 2157: 0, 2759: 3389}",3389.0,False,False
1,7.52,7.52,True,True,False,,no_evidence,"{2: 0, 2157: 0, 2759: 0}",0.0,False,False
1,9.12,9.12,True,True,True,Eukaryota,single_domain,"{2: 0, 2157: 0, 2759: 1524}",1524.0,False,False
1,6.4,6.4,True,True,True,Eukaryota,single_domain,"{2: 0, 2157: 0, 2759: 2873}",2873.0,False,True
1,6.81,6.81,True,True,True,LUCA,direct_LUCA_OG_crossdomain,"{2: 0, 2157: 1204, 2759: 3939}",5143.0,True,True
1,6.05,6.05,False,False,False,,,,,,False
1,7.75,7.75,True,True,True,LUCA,direct_LUCA_OG_crossdomain,"{2: 0, 2157: 1204, 2759: 3939}",5143.0,True,False
4,6.63,7.11,True,True,True,Eukaryota,single_domain,"{2: 0, 2157: 0, 2759: 2664}",2664.0,False,True
1,7.64,7.64,True,True,True,Eukaryota,single_domain,"{2: 0, 2157: 0, 2759: 6022}",6022.0,False,False
2,7.295,8.07,True,True,True,Eukaryota,single_domain,"{2: 0, 2157: 0, 2759: 2277}",2277.0,False,True
1,6.94,6.94,True,False,True,Bacteria,single_domain,"{2: 9690, 2157: 0, 2759: 0}",9690.0,False,True
1,8.8,8.8,True,False,True,Bacteria,single_domain,"{2: 1301, 2157: 0, 2759: 0}",1301.0,False,True
1,8.3,8.3,True,True,True,Eukaryota,single_domain,"{2: 0, 2157: 0, 2759: 11386}",11386.0,False,False
1,8.05,8.05,True,True,True,Eukaryota,single_domain,"{2: 0, 2157: 0, 2759: 11386}",11386.0,False,False
1,7.75,7.75,True,True,True,Eukaryota,single_domain,"{2: 0, 2157: 0, 2759: 11386}",11386.0,False,False
1,6.46,6.46,False,False,False,,,,,,True
3,7.48,7.54,True,True,True,,no_evidence,"{2: 0, 2157: 0, 2759: 0}",0.0,False,True
2,6.795,7.07,True,True,True,,no_evidence,"{2: 0, 2157: 0, 2759: 0}",0.0,False,True
1,6.52,6.52,False,True,True,,,,,,False
1,7.0,7.0,True,True,True,Eukaryota,single_domain,"{2: 0, 2157: 0, 2759: 11386}",11386.0,False,False
1,6.36,6.36,True,True,True,Eukaryota,single_domain,"{2: 0, 2157: 0, 2759: 6062}",6062.0,False,True
1,6.64,6.64,True,True,True,,no_evidence,"{2: 0, 2157: 0, 2759: 0}",0.0,False,True
1,8.35,8.35,True,True,True,Eukaryota,single_domain,"{2: 0, 2157: 0, 2759: 1830}",1830.0,False,True
1,6.0,6.0,True,True,True,Eukaryota,single_domain,"{2: 0, 2157: 0, 2759: 2520}",2520.0,False,True
1,9.04,9.04,True,False,False,Eukaryota,single_domain,"{2: 0, 2157: 0, 2759: 3389}",3389.0,False,True
1,6.96,6.96,True,False,True,Eukaryota,single_domain,"{2: 0, 2157: 0, 2759: 19551}",19551.0,False,True
4,6.525,6.58,True,True,True,Eukaryota,single_domain,"{2: 0, 2157: 0, 2759: 19551}",19551.0,False,True
1,6.4,6.4,True,True,True,Eukaryota,single_domain,"{2: 0, 2157: 0, 2759: 6062}",6062.0,False,True
2,7.734999999999999,8.42,True,True,True,Eukaryota,single_domain,"{2: 0, 2157: 0, 2759: 3389}",3389.0,False,True
5,7.47,8.3,True,False,True,,no_evidence,"{2: 0, 2157: 0, 2759: 0}",0.0,False,True
1,8.3,8.3,True,True,True,Eukaryota,single_domain,"{2: 0, 2157: 0, 2759: 1830}",1830.0,False,False
1,7.0,7.0,False,False,False,,,,,,False
1,8.74,8.74,True,True,True,Eukaryota,single_domain,"{2: 0, 2157: 0, 2759: 12014}",12014.0,False,True
4,6.05,6.05,True,True,True,Eukaryota,single_domain,"{2: 0, 2157: 0, 2759: 2930}",2930.0,False,True
1,7.96,7.96,False,False,False,,,,,,False
1,7.57,7.57,True,True,True,,no_evidence,"{2: 0, 2157: 0, 2759: 0}",0.0,False,False
1,8.2,8.2,True,True,True,Eukaryota,single_domain,"{2: 0, 2157: 0, 2759: 14245}",14245.0,False,False
1,7.5,7.5,False,False,False,,,,,,True
1,6.85,6.85,False,False,False,,,,,,False
1,6.02,6.02,True,True,True,Eukaryota,single_domain,"{2: 0, 2157: 0, 2759: 1218}",1218.0,False,False
1,6.14,6.14,True,True,True,Eukaryota,single_domain,"{2: 0, 2157: 0, 2759: 1624}",1624.0,False,False
1,6.06,6.06,True,True,True,Eukaryota,single_domain,"{2: 0, 2157: 0, 2759: 1471}",1471.0,False,False
2,6.25,6.25,True,True,True,Eukaryota,single_domain,"{2: 0, 2157: 0, 2759: 11386}",11386.0,False,False
1,6.06,6.06,True,True,True,Eukaryota,single_domain,"{2: 0, 2157: 0, 2759: 11386}",11386.0,False,False
1,6.68,6.68,True,True,True,Bacteria,single_domain,"{2: 5864, 2157: 0, 2759: 0}",5864.0,False,False
1,6.77,6.77,True,True,True,Bacteria,single_domain,"{2: 5864, 2157: 0, 2759: 0}",5864.0,False,False
1,6.53,6.53,True,True,True,Bacteria,single_domain,"{2: 5864, 2157: 0, 2759: 0}",5864.0,False,False
3,6.52,7.22,True,True,True,LUCA,direct_LUCA_OG_crossdomain,"{2: 23493, 2157: 188, 2759: 1431}",25112.0,True,True
2,7.395,7.42,True,True,True,,no_evidence,"{2: 0, 2157: 0, 2759: 0}",0.0,False,True
1,7.0,7.0,True,True,True,Eukaryota,single_domain,"{2: 0, 2157: 0, 2759: 171390}",171390.0,False,False
1,7.33,7.33,True,True,True,Eukaryota,single_domain,"{2: 0, 2157: 0, 2759: 171390}",171390.0,False,False
2,6.26,6.26,True,True,True,Eukaryota,single_domain,"{2: 0, 2157: 0, 2759: 1782}",1782.0,False,False
2,6.7,6.7,True,True,True,Eukaryota,single_domain,"{2: 0, 2157: 0, 2759: 1829}",1829.0,False,False
1,6.6,6.6,True,True,True,,no_evidence,"{2: 0, 2157: 0, 2759: 0}",0.0,False,False
1,6.32,6.32,True,True,True,Eukaryota,single_domain,"{2: 0, 2157: 0, 2759: 1782}",1782.0,False,False
1,6.32,6.32,True,True,True,Eukaryota,single_domain,"{2: 0, 2157: 0, 2759: 5157}",5157.0,False,False
1,6.0,6.0,True,False,True,Eukaryota,single_domain,"{2: 0, 2157: 0, 2759: 1917}",1917.0,False,False
6,6.445,6.66,True,True,True,LUCA,direct_LUCA_OG_crossdomain,"{2: 23493, 2157: 188, 2759: 1431}",25112.0,True,True
2,8.085,8.33,False,False,False,,,,,,True
1,8.32,8.32,True,True,True,Eukaryota,single_domain,"{2: 0, 2157: 0, 2759: 1647}",1647.0,False,False
1,6.75,6.75,True,True,True,Eukaryota,single_domain,"{2: 0, 2157: 0, 2759: 1781}",1781.0,False,False
1,6.02,6.02,True,True,True,Eukaryota,single_domain,"{2: 0, 2157: 0, 2759: 8600}",8600.0,False,False
1,7.85,7.85,True,True,True,Eukaryota,single_domain,"{2: 0, 2157: 0, 2759: 1781}",1781.0,False,False
1,6.03,6.03,True,True,True,Eukaryota,single_domain,"{2: 0, 2157: 0, 2759: 11386}",11386.0,False,False
1,9.0,9.0,True,False,True,Archaea,single_domain,"{2: 0, 2157: 174, 2759: 0}",174.0,False,True
2,6.49,6.52,True,True,True,Eukaryota,single_domain,"{2: 0, 2157: 0, 2759: 14245}",14245.0,False,False
2,6.81,7.1,True,False,True,Eukaryota,single_domain,"{2: 0, 2157: 0, 2759: 14245}",14245.0,False,False
1,6.96,6.96,True,True,True,Eukaryota,single_domain,"{2: 0, 2157: 0, 2759: 14245}",14245.0,False,False
1,6.0,6.0,True,True,True,Eukaryota,single_domain,"{2: 0, 2157: 0, 2759: 14245}",14245.0,False,True
1,6.17,6.17,True,True,True,Eukaryota,single_domain,"{2: 0, 2157: 0, 2759: 763}",763.0,False,True
1,7.37,7.37,True,True,True,,no_evidence,"{2: 0, 2157: 0, 2759: 0}",0.0,False,True
1,7.37,7.37,True,False,False,,no_evidence,"{2: 0, 2157: 0, 2759: 0}",0.0,False,True
1,8.52,8.52,True,True,True,Eukaryota,single_domain,"{2: 0, 2157: 0, 2759: 12607}",12607.0,False,False
2,9.18,9.18,True,False,True,Eukaryota,single_domain,"{2: 0, 2157: 0, 2759: 12607}",12607.0,False,False
2,7.8,7.83,True,True,True,Eukaryota,single_domain,"{2: 0, 2157: 0, 2759: 12607}",12607.0,False,False
1,8.0,8.0,True,True,True,Eukaryota,single_domain,"{2: 0, 2157: 0, 2759: 12607}",12607.0,False,False
2,8.285,8.33,True,False,True,Eukaryota,single_domain,"{2: 0, 2157: 0, 2759: 12607}",12607.0,False,False
1,6.13,6.13,True,False,True,Eukaryota,single_domain,"{2: 0, 2157: 0, 2759: 171390}",171390.0,False,False
1,7.52,7.52,True,True,True,Eukaryota,single_domain,"{2: 0, 2157: 0, 2759: 3025}",3025.0,False,False
2,6.9350000000000005,7.19,True,True,True,Eukaryota,single_domain,"{2: 0, 2157: 0, 2759: 3025}",3025.0,False,False
1,6.58,6.58,True,True,True,LUCA,direct_LUCA_OG_crossdomain,"{2: 9691, 2157: 315, 2759: 0}",10006.0,True,True
1,6.4,6.4,True,True,True,Eukaryota,single_domain,"{2: 0, 2157: 0, 2759: 3479}",3479.0,False,False
1,8.0,8.0,True,False,True,Archaea,single_domain,"{2: 0, 2157: 174, 2759: 0}",174.0,False,False
1,7.34,7.34,True,True,True,Eukaryota,single_domain,"{2: 0, 2157: 0, 2759: 12014}",12014.0,False,False
1,10.26,10.26,True,True,True,Eukaryota,single_domain,"{2: 0, 2157: 0, 2759: 6022}",6022.0,False,True
2,6.01,6.01,True,True,True,Eukaryota,single_domain,"{2: 0, 2157: 0, 2759: 3086}",3086.0,False,True
1,7.28,7.28,True,True,True,,no_evidence,"{2: 0, 2157: 0, 2759: 0}",0.0,False,False
1,7.85,7.85,False,True,True,,,,,,False
2,7.82,7.82,True,False,True,Eukaryota,single_domain,"{2: 0, 2157: 0, 2759: 2520}",2520.0,False,False
5,6.31,7.28,True,True,True,Eukaryota,single_domain,"{2: 0, 2157: 0, 2759: 171390}",171390.0,False,False
1,6.37,6.37,False,True,True,,,,,,False
2,6.77,6.77,True,True,True,Eukaryota,single_domain,"{2: 0, 2157: 0, 2759: 2520}",2520.0,False,False
1,8.85,8.85,True,True,True,LUCA,direct_LUCA_OG_crossdomain,"{2: 9870, 2157: 384, 2759: 2961}",13215.0,True,True
1,7.0,7.0,True,False,False,LUCA,direct_LUCA_OG_crossdomain,"{2: 8125, 2157: 246, 2759: 1109}",9480.0,True,False
1,6.52,6.52,True,True,True,Eukaryota,single_domain,"{2: 0, 2157: 0, 2759: 1829}",1829.0,False,False
1,6.3,6.3,True,True,True,Eukaryota,single_domain,"{2: 0, 2157: 0, 2759: 5157}",5157.0,False,False
1,6.12,6.12,True,True,True,Eukaryota,single_domain,"{2: 0, 2157: 0, 2759: 5157}",5157.0,False,False
1,6.3,6.3,True,False,True,Eukaryota,single_domain,"{2: 0, 2157: 0, 2759: 3649}",3649.0,False,False
4,7.609999999999999,7.7,True,True,True,Eukaryota,single_domain,"{2: 0, 2157: 0, 2759: 1620}",1620.0,False,False
1,6.11,6.11,True,True,True,,no_evidence,"{2: 0, 2157: 0, 2759: 0}",0.0,False,False
1,6.38,6.38,True,True,True,Eukaryota,single_domain,"{2: 0, 2157: 0, 2759: 2930}",2930.0,False,False
1,6.16,6.16,True,True,True,Eukaryota,single_domain,"{2: 0, 2157: 0, 2759: 1829}",1829.0,False,False
5,6.73,8.66,True,True,True,Eukaryota,single_domain,"{2: 0, 2157: 0, 2759: 1829}",1829.0,False,False
3,6.0,6.0,True,True,True,LUCA,direct_LUCA_OG_crossdomain,"{2: 9186, 2157: 403, 2759: 0}",9589.0,True,True
1,7.47,7.47,True,True,True,Eukaryota,single_domain,"{2: 0, 2157: 0, 2759: 1160}",1160.0,False,False
1,6.05,6.05,True,False,False,Eukaryota,single_domain,"{2: 0, 2157: 0, 2759: 3389}",3389.0,False,False
1,7.34,7.34,False,False,True,,,,,,False
1,7.34,7.34,False,False,True,,,,,,False
1,6.7,6.7,False,False,False,,,,,,False
1,6.32,6.32,False,False,False,,,,,,False
1,6.42,6.42,False,False,False,,,,,,False
1,7.4,7.4,True,True,True,Eukaryota,single_domain,"{2: 0, 2157: 0, 2759: 11386}",11386.0,False,False
1,6.54,6.54,True,True,True,Eukaryota,single_domain,"{2: 0, 2157: 0, 2759: 11386}",11386.0,False,False
1,6.26,6.26,True,True,True,,no_evidence,"{2: 0, 2157: 0, 2759: 0}",0.0,False,True
1,6.85,6.85,True,True,True,,no_evidence,"{2: 0, 2157: 0, 2759: 0}",0.0,False,True
2,6.74,7.12,False,True,True,,,,,,False
1,7.08,7.08,True,True,True,Eukaryota,single_domain,"{2: 0, 2157: 0, 2759: 171390}",171390.0,False,False
1,6.25,6.25,True,False,True,LUCA,direct_LUCA_OG_crossdomain,"{2: 69, 2157: 0, 2759: 1960}",2029.0,True,False
1,7.52,7.52,True,True,True,Eukaryota,single_domain,"{2: 0, 2157: 0, 2759: 1647}",1647.0,False,False
1,6.38,6.38,False,False,False,,,,,,False
1,6.29,6.29,True,True,True,Eukaryota,single_domain,"{2: 0, 2157: 0, 2759: 1931}",1931.0,False,False
1,7.83,7.83,True,False,False,Eukaryota,single_domain,"{2: 0, 2157: 0, 2759: 3389}",3389.0,False,False
2,6.44,6.44,True,True,True,,no_evidence,"{2: 0, 2157: 0, 2759: 0}",0.0,False,False
3,8.27,8.35,True,True,True,Eukaryota,single_domain,"{2: 0, 2157: 0, 2759: 3389}",3389.0,False,False
1,6.47,6.47,True,False,False,Eukaryota,single_domain,"{2: 0, 2157: 0, 2759: 3389}",3389.0,False,False
1,7.21,7.21,False,False,False,,,,,,True
1,6.44,6.44,False,False,False,,,,,,False
1,6.37,6.37,True,True,True,Eukaryota,single_domain,"{2: 0, 2157: 0, 2759: 2322}",2322.0,False,False
2,6.745,6.75,True,True,True,Eukaryota,single_domain,"{2: 0, 2157: 0, 2759: 3086}",3086.0,False,False
1,8.52,8.52,False,False,False,,,,,,False
1,8.15,8.15,False,False,False,,,,,,False
1,6.48,6.48,True,False,False,Eukaryota,single_domain,"{2: 0, 2157: 0, 2759: 2470}",2470.0,False,False
4,7.23,7.59,True,True,True,Eukaryota,single_domain,"{2: 0, 2157: 0, 2759: 2664}",2664.0,False,True
1,6.57,6.57,True,True,True,Eukaryota,single_domain,"{2: 0, 2157: 0, 2759: 12607}",12607.0,False,False
1,6.35,6.35,True,True,True,Eukaryota,single_domain,"{2: 0, 2157: 0, 2759: 12607}",12607.0,False,False
2,8.06,8.06,True,True,True,Eukaryota,single_domain,"{2: 0, 2157: 0, 2759: 11386}",11386.0,False,False
2,8.15,8.15,True,True,True,Eukaryota,single_domain,"{2: 0, 2157: 0, 2759: 11386}",11386.0,False,False
2,7.0,7.0,True,True,True,Eukaryota,single_domain,"{2: 0, 2157: 0, 2759: 11386}",11386.0,False,False
1,7.33,7.33,True,True,True,,no_evidence,"{2: 0, 2157: 0, 2759: 0}",0.0,False,False
1,7.28,7.28,True,True,True,Eukaryota,single_domain,"{2: 0, 2157: 0, 2759: 11386}",11386.0,False,False
1,6.92,6.92,True,True,True,Eukaryota,single_domain,"{2: 0, 2157: 0, 2759: 11386}",11386.0,False,False
1,9.55,9.55,True,True,True,Eukaryota,single_domain,"{2: 0, 2157: 0, 2759: 1524}",1524.0,False,False
1,7.16,7.16,True,False,True,LUCA,direct_LUCA_OG_crossdomain,"{2: 10556, 2157: 573, 2759: 2141}",13270.0,True,True
1,6.52,6.52,False,False,False,,,,,,False
1,6.47,6.47,False,False,False,,,,,,False
1,6.7,6.7,True,True,True,Eukaryota,single_domain,"{2: 0, 2157: 0, 2759: 1412}",1412.0,False,True
9,6.66,6.85,True,True,True,Eukaryota,single_domain,"{2: 0, 2157: 0, 2759: 1672}",1672.0,False,True
8,6.19,7.15,True,True,False,,no_evidence,"{2: 0, 2157: 0, 2759: 0}",0.0,False,True
1,6.75,6.75,True,True,True,Eukaryota,single_domain,"{2: 0, 2157: 0, 2759: 27301}",27301.0,False,True
12,6.484999999999999,6.58,True,True,True,Eukaryota,single_domain,"{2: 0, 2157: 0, 2759: 2276}",2276.0,False,True
1,6.96,6.96,True,True,True,Eukaryota,single_domain,"{2: 0, 2157: 0, 2759: 607}",607.0,False,True
1,6.31,6.31,False,False,False,,,,,,True
1,6.66,6.66,False,False,False,,,,,,True
1,6.23,6.23,True,True,True,Eukaryota,single_domain,"{2: 0, 2157: 0, 2759: 1056}",1056.0,False,True
3,6.4,7.52,True,True,True,Eukaryota,single_domain,"{2: 0, 2157: 0, 2759: 1800}",1800.0,False,True
7,6.3,6.6,True,True,True,Eukaryota,single_domain,"{2: 0, 2157: 0, 2759: 5533}",5533.0,False,True
2,6.54,6.96,True,True,True,Eukaryota,single_domain,"{2: 0, 2157: 0, 2759: 5533}",5533.0,False,True
1,6.64,6.64,True,True,True,Eukaryota,single_domain,"{2: 0, 2157: 0, 2759: 19747}",19747.0,False,True
1,6.24,6.24,True,False,True,Eukaryota,single_domain,"{2: 0, 2157: 0, 2759: 19747}",19747.0,False,True
4,6.56,6.7,True,True,True,,no_evidence,"{2: 0, 2157: 0, 2759: 0}",0.0,False,True
1,7.03,7.03,True,True,True,Eukaryota,single_domain,"{2: 0, 2157: 0, 2759: 171390}",171390.0,False,False
1,8.32,8.32,False,True,True,,,,,,False
2,6.0,6.0,True,True,True,Eukaryota,single_domain,"{2: 0, 2157: 0, 2759: 15251}",15251.0,False,False
1,9.8,9.8,True,True,True,Eukaryota,single_domain,"{2: 0, 2157: 0, 2759: 1524}",1524.0,False,False
2,8.48,8.48,True,True,True,Eukaryota,single_domain,"{2: 0, 2157: 0, 2759: 13356}",13356.0,False,False
2,7.85,7.85,True,True,True,Eukaryota,single_domain,"{2: 0, 2157: 0, 2759: 13356}",13356.0,False,False
2,6.89,6.89,True,True,True,Eukaryota,single_domain,"{2: 0, 2157: 0, 2759: 13356}",13356.0,False,False
3,9.28,9.28,True,True,True,Eukaryota,single_domain,"{2: 0, 2157: 0, 2759: 2193}",2193.0,False,False
1,6.06,6.06,True,True,True,Eukaryota,single_domain,"{2: 0, 2157: 0, 2759: 11386}",11386.0,False,True
1,6.04,6.04,True,True,True,Eukaryota,single_domain,"{2: 0, 2157: 0, 2759: 11386}",11386.0,False,True
1,6.22,6.22,True,True,True,Eukaryota,single_domain,"{2: 0, 2157: 0, 2759: 171390}",171390.0,False,True
1,6.57,6.57,True,True,True,Eukaryota,single_domain,"{2: 0, 2157: 0, 2759: 171390}",171390.0,False,True
1,6.46,6.46,True,False,False,Eukaryota,single_domain,"{2: 0, 2157: 0, 2759: 3389}",3389.0,False,False
1,6.49,6.49,True,False,False,Eukaryota,single_domain,"{2: 0, 2157: 0, 2759: 3389}",3389.0,False,False
1,6.0,6.0,True,True,True,Eukaryota,single_domain,"{2: 0, 2157: 0, 2759: 40461}",40461.0,False,False
1,6.0,6.0,False,True,True,,,,,,False
1,6.56,6.56,True,False,False,Eukaryota,single_domain,"{2: 0, 2157: 0, 2759: 3389}",3389.0,False,False
1,7.04,7.04,True,False,False,Eukaryota,single_domain,"{2: 0, 2157: 0, 2759: 3389}",3389.0,False,False
2,7.43,7.45,True,True,True,Eukaryota,single_domain,"{2: 0, 2157: 0, 2759: 3389}",3389.0,False,False
1,8.08,8.08,True,True,True,LUCA,direct_LUCA_OG_crossdomain,"{2: 178, 2157: 628, 2759: 7565}",8371.0,True,False
1,6.06,6.06,True,True,True,Eukaryota,single_domain,"{2: 0, 2157: 0, 2759: 1080}",1080.0,False,False
1,6.3,6.3,True,True,True,Eukaryota,single_domain,"{2: 0, 2157: 0, 2759: 171390}",171390.0,False,False
1,7.6,7.6,True,True,True,Eukaryota,single_domain,"{2: 0, 2157: 0, 2759: 171390}",171390.0,False,False
1,6.77,6.77,True,True,True,Eukaryota,single_domain,"{2: 0, 2157: 0, 2759: 1672}",1672.0,False,False
1,8.11,8.11,True,True,True,Eukaryota,single_domain,"{2: 0, 2157: 0, 2759: 1704}",1704.0,False,False
2,7.345000000000001,7.48,True,True,True,Eukaryota,single_domain,"{2: 0, 2157: 0, 2759: 3390}",3390.0,False,False
2,7.63,7.68,True,False,True,Eukaryota,single_domain,"{2: 0, 2157: 0, 2759: 3390}",3390.0,False,False
1,7.0,7.0,True,True,True,Eukaryota,single_domain,"{2: 0, 2157: 0, 2759: 11386}",11386.0,False,False
1,6.55,6.55,False,False,False,,,,,,False
4,6.640000000000001,6.68,True,True,True,LUCA,direct_LUCA_OG_crossdomain,"{2: 23493, 2157: 188, 2759: 1431}",25112.0,True,True
1,6.2,6.2,False,False,False,,,,,,False
1,6.89,6.89,False,False,False,,,,,,False
1,6.17,6.17,True,True,True,Eukaryota,single_domain,"{2: 0, 2157: 0, 2759: 8578}",8578.0,False,False
44,7.99,8.89,False,False,False,,,,,,False
1,6.25,6.25,True,True,True,Eukaryota,single_domain,"{2: 0, 2157: 0, 2759: 1347}",1347.0,False,False
2,6.3100000000000005,6.53,True,True,True,Eukaryota,single_domain,"{2: 0, 2157: 0, 2759: 171390}",171390.0,False,True
4,7.26,7.76,True,True,True,Eukaryota,single_domain,"{2: 0, 2157: 0, 2759: 171390}",171390.0,False,True
2,6.335,6.54,False,True,True,,,,,,True
1,7.52,7.52,True,True,True,Eukaryota,single_domain,"{2: 0, 2157: 0, 2759: 171390}",171390.0,False,True
6,7.945,8.29,True,True,True,Eukaryota,single_domain,"{2: 0, 2157: 0, 2759: 171390}",171390.0,False,True
1,7.0,7.0,True,True,True,Eukaryota,single_domain,"{2: 0, 2157: 0, 2759: 171390}",171390.0,False,True
1,6.1,6.1,True,True,True,Eukaryota,single_domain,"{2: 0, 2157: 0, 2759: 1220}",1220.0,False,True
1,6.77,6.77,True,True,True,Bacteria,single_domain,"{2: 5864, 2157: 0, 2759: 0}",5864.0,False,False
1,6.52,6.52,True,True,True,,no_evidence,"{2: 0, 2157: 0, 2759: 0}",0.0,False,False
1,6.45,6.45,True,True,True,Bacteria,single_domain,"{2: 5864, 2157: 0, 2759: 0}",5864.0,False,False
9,6.42,7.02,False,False,False,,,,,,False
1,8.54,8.54,True,True,True,Eukaryota,single_domain,"{2: 0, 2157: 0, 2759: 11386}",11386.0,False,False
1,7.21,7.21,True,True,True,Eukaryota,single_domain,"{2: 0, 2157: 0, 2759: 11386}",11386.0,False,False
1,7.92,7.92,True,True,True,Eukaryota,single_domain,"{2: 0, 2157: 0, 2759: 11386}",11386.0,False,False
1,8.1,8.1,True,True,True,Eukaryota,single_domain,"{2: 0, 2157: 0, 2759: 11386}",11386.0,False,False
1,7.77,7.77,True,True,True,LUCA,direct_LUCA_OG_crossdomain,"{2: 178, 2157: 628, 2759: 7565}",8371.0,True,False
1,6.85,6.85,True,True,True,Eukaryota,single_domain,"{2: 0, 2157: 0, 2759: 1080}",1080.0,False,False
1,6.58,6.58,True,True,True,Eukaryota,single_domain,"{2: 0, 2157: 0, 2759: 1080}",1080.0,False,False
1,7.63,7.63,True,True,True,Eukaryota,single_domain,"{2: 0, 2157: 0, 2759: 2244}",2244.0,False,False
1,7.5,7.5,True,True,True,Eukaryota,single_domain,"{2: 0, 2157: 0, 2759: 11386}",11386.0,False,False
1,6.85,6.85,True,True,True,Eukaryota,single_domain,"{2: 0, 2157: 0, 2759: 11386}",11386.0,False,False
1,6.8,6.8,True,True,True,Eukaryota,single_domain,"{2: 0, 2157: 0, 2759: 1672}",1672.0,False,False
1,8.02,8.02,True,True,True,Eukaryota,single_domain,"{2: 0, 2157: 0, 2759: 1800}",1800.0,False,True
2,6.85,7.0,False,False,True,,,,,,False
1,6.4,6.4,True,True,True,Eukaryota,single_domain,"{2: 0, 2157: 0, 2759: 1474}",1474.0,False,True
7,7.2,7.6,False,False,False,,,,,,False
1,7.1,7.1,True,False,True,Eukaryota,single_domain,"{2: 0, 2157: 0, 2759: 2069}",2069.0,False,False
1,7.15,7.15,False,True,True,,,,,,False
1,7.45,7.45,True,False,True,Eukaryota,single_domain,"{2: 0, 2157: 0, 2759: 12014}",12014.0,False,True
1,6.96,6.96,True,True,True,Eukaryota,single_domain,"{2: 0, 2157: 0, 2759: 1620}",1620.0,False,False
1,6.36,6.36,False,True,True,,,,,,False
2,6.9,7.07,True,False,True,Eukaryota,single_domain,"{2: 0, 2157: 0, 2759: 171390}",171390.0,False,False
1,6.38,6.38,True,True,True,Eukaryota,single_domain,"{2: 0, 2157: 0, 2759: 1704}",1704.0,False,False
1,6.0,6.0,True,True,True,,no_evidence,"{2: 0, 2157: 0, 2759: 0}",0.0,False,False
21,6.85,7.84,True,True,True,Eukaryota,single_domain,"{2: 0, 2157: 0, 2759: 171390}",171390.0,False,True
3,6.85,6.85,True,True,True,Eukaryota,single_domain,"{2: 0, 2157: 0, 2759: 171390}",171390.0,False,True
1,7.48,7.48,True,True,True,Eukaryota,single_domain,"{2: 0, 2157: 0, 2759: 171390}",171390.0,False,True
2,6.15,6.15,True,True,True,Eukaryota,single_domain,"{2: 0, 2157: 0, 2759: 12607}",12607.0,False,True
3,6.12,6.15,True,True,True,Eukaryota,single_domain,"{2: 0, 2157: 0, 2759: 12607}",12607.0,False,True
1,7.29,7.29,True,True,True,Eukaryota,single_domain,"{2: 0, 2157: 0, 2759: 4444}",4444.0,False,True
2,7.23,7.24,True,True,True,Eukaryota,single_domain,"{2: 0, 2157: 0, 2759: 14245}",14245.0,False,True
6,6.85,6.86,True,False,True,Eukaryota,single_domain,"{2: 0, 2157: 0, 2759: 12607}",12607.0,False,True
2,7.23,7.24,True,False,True,Eukaryota,single_domain,"{2: 0, 2157: 0, 2759: 14245}",14245.0,False,True
3,6.06,6.06,True,True,True,Eukaryota,single_domain,"{2: 0, 2157: 0, 2759: 2470}",2470.0,False,True
1,6.41,6.41,True,True,True,Eukaryota,single_domain,"{2: 0, 2157: 0, 2759: 14245}",14245.0,False,True
1,8.24,8.24,True,True,True,Eukaryota,single_domain,"{2: 0, 2157: 0, 2759: 14245}",14245.0,False,True
4,6.55,6.55,True,False,True,Eukaryota,single_domain,"{2: 0, 2157: 0, 2759: 2470}",2470.0,False,True
2,6.449999999999999,6.6,True,False,False,Eukaryota,single_domain,"{2: 0, 2157: 0, 2759: 2470}",2470.0,False,True
1,6.45,6.45,True,False,True,Eukaryota,single_domain,"{2: 0, 2157: 0, 2759: 2470}",2470.0,False,True
6,6.48,6.48,True,True,True,Eukaryota,single_domain,"{2: 0, 2157: 0, 2759: 12607}",12607.0,False,True
2,6.1,6.1,True,True,True,Eukaryota,single_domain,"{2: 0, 2157: 0, 2759: 12607}",12607.0,False,True
5,6.31,6.31,True,False,True,Eukaryota,single_domain,"{2: 0, 2157: 0, 2759: 12607}",12607.0,False,True
1,6.77,6.77,True,True,True,Eukaryota,single_domain,"{2: 0, 2157: 0, 2759: 2470}",2470.0,False,True
2,6.42,6.6,True,True,True,Eukaryota,single_domain,"{2: 0, 2157: 0, 2759: 14245}",14245.0,False,True
3,6.03,6.03,True,True,True,Eukaryota,single_domain,"{2: 0, 2157: 0, 2759: 2470}",2470.0,False,True
1,6.47,6.47,True,False,True,Eukaryota,single_domain,"{2: 0, 2157: 0, 2759: 14245}",14245.0,False,True
1,7.66,7.66,True,False,True,Eukaryota,single_domain,"{2: 0, 2157: 0, 2759: 14245}",14245.0,False,True
1,6.54,6.54,True,True,True,Eukaryota,single_domain,"{2: 0, 2157: 0, 2759: 14245}",14245.0,False,True
1,7.6,7.6,False,False,False,,,,,,False
1,9.03,9.03,False,False,False,,,,,,False
3,6.71,6.78,True,False,False,Eukaryota,single_domain,"{2: 0, 2157: 0, 2759: 3389}",3389.0,False,False
11,7.05,7.3,True,True,True,Eukaryota,single_domain,"{2: 0, 2157: 0, 2759: 3389}",3389.0,False,False
2,6.45,6.9,True,True,True,Eukaryota,single_domain,"{2: 0, 2157: 0, 2759: 1704}",1704.0,False,False
1,6.0,6.0,True,True,True,Eukaryota,single_domain,"{2: 0, 2157: 0, 2759: 1704}",1704.0,False,False
1,7.44,7.44,True,True,True,Eukaryota,single_domain,"{2: 0, 2157: 0, 2759: 12014}",12014.0,False,False
2,8.96,8.96,True,True,True,Eukaryota,single_domain,"{2: 0, 2157: 0, 2759: 171390}",171390.0,False,False
2,6.79,6.79,True,True,True,Eukaryota,single_domain,"{2: 0, 2157: 0, 2759: 171390}",171390.0,False,False
2,7.88,7.88,True,True,True,Eukaryota,single_domain,"{2: 0, 2157: 0, 2759: 171390}",171390.0,False,False
1,6.37,6.37,True,False,True,Bacteria,single_domain,"{2: 4026, 2157: 0, 2759: 0}",4026.0,False,True
1,6.26,6.26,False,True,True,,,,,,False
1,6.9,6.9,True,False,True,Eukaryota,single_domain,"{2: 0, 2157: 0, 2759: 1575}",1575.0,False,True
1,9.06,9.06,True,False,False,Eukaryota,single_domain,"{2: 0, 2157: 0, 2759: 3389}",3389.0,False,False
2,8.445,8.89,True,True,True,Eukaryota,single_domain,"{2: 0, 2157: 0, 2759: 171390}",171390.0,False,False
1,8.88,8.88,False,True,True,,,,,,False
2,8.459999999999999,9.12,True,False,True,Bacteria,single_domain,"{2: 8222, 2157: 0, 2759: 0}",8222.0,False,False
1,9.0,9.0,True,False,True,LUCA,direct_LUCA_OG_crossdomain,"{2: 23493, 2157: 188, 2759: 1431}",25112.0,True,False
1,6.22,6.22,True,True,True,Eukaryota,single_domain,"{2: 0, 2157: 0, 2759: 11386}",11386.0,False,False
1,8.94,8.94,True,True,True,Eukaryota,single_domain,"{2: 0, 2157: 0, 2759: 1524}",1524.0,False,False
2,9.295,9.64,False,False,False,,,,,,True
1,7.0,7.0,True,True,True,Eukaryota,single_domain,"{2: 0, 2157: 0, 2759: 15393}",15393.0,False,True
6,6.05,6.85,True,True,True,Eukaryota,single_domain,"{2: 0, 2157: 0, 2759: 2669}",2669.0,False,True
1,6.56,6.56,True,True,True,Eukaryota,single_domain,"{2: 0, 2157: 0, 2759: 2943}",2943.0,False,False
2,7.505,8.85,True,False,True,Eukaryota,single_domain,"{2: 0, 2157: 0, 2759: 1781}",1781.0,False,False
1,7.7,7.7,True,True,True,,no_evidence,"{2: 0, 2157: 0, 2759: 0}",0.0,False,True
1,6.7,6.7,True,True,True,Eukaryota,single_domain,"{2: 0, 2157: 0, 2759: 3025}",3025.0,False,False
2,7.775,7.9,True,True,True,Eukaryota,single_domain,"{2: 0, 2157: 0, 2759: 1830}",1830.0,False,False
1,6.54,6.54,True,False,True,LUCA,direct_LUCA_OG_crossdomain,"{2: 3362, 2157: 206, 2759: 10}",3578.0,True,False
1,6.24,6.24,True,False,True,LUCA,direct_LUCA_OG_crossdomain,"{2: 8125, 2157: 246, 2759: 1109}",9480.0,True,False
1,7.85,7.85,True,True,True,Eukaryota,single_domain,"{2: 0, 2157: 0, 2759: 1647}",1647.0,False,False
7,7.7,8.1,True,True,True,Eukaryota,single_domain,"{2: 0, 2157: 0, 2759: 1647}",1647.0,False,False
3,7.85,8.0,True,False,False,LUCA,direct_LUCA_OG_crossdomain,"{2: 8125, 2157: 246, 2759: 1109}",9480.0,True,False
1,8.0,8.0,False,False,False,,,,,,False
1,6.1,6.1,True,False,True,Eukaryota,single_domain,"{2: 0, 2157: 0, 2759: 11903}",11903.0,False,False
2,6.255,6.3,True,True,True,LUCA,direct_LUCA_OG_crossdomain,"{2: 9186, 2157: 403, 2759: 0}",9589.0,True,False
1,6.5,6.5,False,True,True,,,,,,True
1,7.48,7.48,True,True,True,Eukaryota,single_domain,"{2: 0, 2157: 0, 2759: 3479}",3479.0,False,True
1,7.39,7.39,True,True,True,,no_evidence,"{2: 0, 2157: 0, 2759: 0}",0.0,False,True
1,7.66,7.66,True,False,False,Eukaryota,single_domain,"{2: 0, 2157: 0, 2759: 3479}",3479.0,False,True
7,6.57,6.57,True,True,True,Eukaryota,single_domain,"{2: 0, 2157: 0, 2759: 3706}",3706.0,False,True
2,6.035,6.07,True,True,True,Eukaryota,single_domain,"{2: 0, 2157: 0, 2759: 7853}",7853.0,False,True
2,6.0,6.0,True,True,True,Eukaryota,single_domain,"{2: 0, 2157: 0, 2759: 7853}",7853.0,False,True
1,7.64,7.64,True,True,True,Eukaryota,single_domain,"{2: 0, 2157: 0, 2759: 6022}",6022.0,False,True
